handleId,fieldType,name,description,productImageUrl,collection,sku,ribbon,price,surcharge,visible,discountMode,discountValue,inventory,weight,cost,productOptionName1,productOptionType1,productOptionDescription1,productOptionName2,productOptionType2,productOptionDescription2,productOptionName3,productOptionType3,productOptionDescription3,productOptionName4,productOptionType4,productOptionDescription4,productOptionName5,productOptionType5,productOptionDescription5,productOptionName6,productOptionType6,productOptionDescription6,additionalInfoTitle1,additionalInfoDescription1,additionalInfoTitle2,additionalInfoDescription2,additionalInfoTitle3,additionalInfoDescription3,additionalInfoTitle4,additionalInfoDescription4,additionalInfoTitle5,additionalInfoDescription5,additionalInfoTitle6,additionalInfoDescription6,customTextField1,customTextCharLimit1,customTextMandatory1,customTextField2,customTextCharLimit2,customTextMandatory2,brand
peacock-of-seaforde,Product,Peacock of Seaforde,"Original SOLDA4 £25A3 £40",86cb05_81383aafdeee4290b1d92a7bb502eb99~mv2.jpg,Dreamscapes Collection,,,25.0,,true,PERCENT,0.0,InStock,,,Size,DROP_DOWN,A4 (£25);A3 (£40),,,,,,,,,,,,,,,,,,,,,,,,,,,,,,,,,,
peacock-of-seaforde,Variant,,,,,,,,15.0,true,,,InStock,,,,,A3 (£40),,,,,,,,,,,,,,,,,,,,,,,,,,,,,,,,,,
peacock-of-seaforde,Variant,,,,,,,,,true,,,InStock,,,,,A4 (£25),,,,,,,,,,,,,,,,,,,,,,,,,,,,,,,,,,
rathlin-island-puffins,Product,Rathlin Island Puffins,"Original SOLDA4 £25A3 £40",86cb05_3330bfd2c7d64b1194098e3527d8604e~mv2.jpg,Dreamscapes Collection,,,25.0,,true,PERCENT,0.0,InStock,,,Size,DROP_DOWN,A4 (£25);A3 (£40),,,,,,,,,,,,,,,,,,,,,,,,,,,,,,,,,,
rathlin-island-puffins,Variant,,,,,,,,,true,,,InStock,,,,,A4 (£25),,,,,,,,,,,,,,,,,,,,,,,,,,,,,,,,,,
rathlin-island-puffins,Variant,,,,,,,,15.0,true,,,InStock,,,,,A3 (£40),,,,,,,,,,,,,,,,,,,,,,,,,,,,,,,,,,
strangford-lough,Product,Strangford Lough,"Original SOLDA4 £25A3 £40",86cb05_8e8041518adb4794a029846575653ebf~mv2.jpg,Dreamscapes Collection,,,25.0,,true,PERCENT,0.0,InStock,,,Size,DROP_DOWN,A4 (£25);A3 (£40),,,,,,,,,,,,,,,,,,,,,,,,,,,,,,,,,,
strangford-lough,Variant,,,,,,,,15.0,true,,,InStock,,,,,A3 (£40),,,,,,,,,,,,,,,,,,,,,,,,,,,,,,,,,,
strangford-lough,Variant,,,,,,,,,true,,,InStock,,,,,A4 (£25),,,,,,,,,,,,,,,,,,,,,,,,,,,,,,,,,,
heron,Product,A Heron’s Dream,"Original SOLDA4 £25A3 £40",86cb05_c2a18fa190e848b6a81667b2f8d921e1~mv2.jpg,Dreamscapes Collection,,,25.0,,true,PERCENT,0.0,InStock,,,Size,DROP_DOWN,A4 (£25);A3 (£40),,,,,,,,,,,,,,,,,,,,,,,,,,,,,,,,,,
heron,Variant,,,,,,,,,true,,,InStock,,,,,A4 (£25),,,,,,,,,,,,,,,,,,,,,,,,,,,,,,,,,,
heron,Variant,,,,,,,,15.0,true,,,InStock,,,,,A3 (£40),,,,,,,,,,,,,,,,,,,,,,,,,,,,,,,,,,
calm-of-cloughy,Product,Calm of Cloughy,"Calm of Cloughy is a beautiful piece of Clare Smith's collection, with available by email or at St George's Market. High-quality prints available in A4 and A3.",86cb05_3ce4888e238f45cf98baef9bf17dd727~mv2.jpg,Dreamscapes Collection,,,25.0,,true,PERCENT,0.0,InStock,,,Size,DROP_DOWN,A4 (£25);A3 (£40),,,,,,,,,,,,,,,,,,,,,,,,,,,,,,,,,,
calm-of-cloughy,Variant,,,,,,,,15.0,true,,,InStock,,,,,A3 (£40),,,,,,,,,,,,,,,,,,,,,,,,,,,,,,,,,,
calm-of-cloughy,Variant,,,,,,,,,true,,,InStock,,,,,A4 (£25),,,,,,,,,,,,,,,,,,,,,,,,,,,,,,,,,,
elegance,Product,Elegance,"Elegance is a beautiful piece of Clare Smith's collection, with original artwork has been sold. High-quality prints available in A4 and A3.",86cb05_8cd8b8aa8118467a805e101b4d1db7e4~mv2.jpg,Dreamscapes Collection,,,25.0,,true,PERCENT,0.0,InStock,,,Size,DROP_DOWN,A4 (£25);A3 (£40),,,,,,,,,,,,,,,,,,,,,,,,,,,,,,,,,,
elegance,Variant,,,,,,,,15.0,true,,,InStock,,,,,A3 (£40),,,,,,,,,,,,,,,,,,,,,,,,,,,,,,,,,,
elegance,Variant,,,,,,,,,true,,,InStock,,,,,A4 (£25),,,,,,,,,,,,,,,,,,,,,,,,,,,,,,,,,,
tranquil-tolleymore,Product,Tranquil Tolleymore,"Tranquil Tolleymore is a beautiful piece of Clare Smith's collection, with original artwork has been sold. High-quality prints available in A4 and A3.",86cb05_acf096811c1544b99d513e3b3711e32f~mv2.jpg,Dreamscapes Collection,,,25.0,,true,PERCENT,0.0,InStock,,,Size,DROP_DOWN,A4 (£25);A3 (£40),,,,,,,,,,,,,,,,,,,,,,,,,,,,,,,,,,
tranquil-tolleymore,Variant,,,,,,,,,true,,,InStock,,,,,A4 (£25),,,,,,,,,,,,,,,,,,,,,,,,,,,,,,,,,,
tranquil-tolleymore,Variant,,,,,,,,15.0,true,,,InStock,,,,,A3 (£40),,,,,,,,,,,,,,,,,,,,,,,,,,,,,,,,,,
fox-of-the-glen,Product,Fox of the Glen,"Fox of the Glen is a beautiful piece of Clare Smith's collection, with original artwork has been sold. High-quality prints available in A4 and A3.",86cb05_c1b31966d692441bbf63a8592e7069d3~mv2.jpg,,,,25.0,,true,PERCENT,0.0,InStock,,,Size,DROP_DOWN,A4 (£25);A3 (£40),,,,,,,,,,,,,,,,,,,,,,,,,,,,,,,,,,
fox-of-the-glen,Variant,,,,,,,,15.0,true,,,InStock,,,,,A3 (£40),,,,,,,,,,,,,,,,,,,,,,,,,,,,,,,,,,
fox-of-the-glen,Variant,,,,,,,,,true,,,InStock,,,,,A4 (£25),,,,,,,,,,,,,,,,,,,,,,,,,,,,,,,,,,
dreams-of-castlewellan-lake,Product,Dreams of Castlewellan Lake,"Dreams of Castlewellan Lake is a beautiful piece of Clare Smith's collection, with original artwork has been sold. High-quality prints available in A4 and A3.",86cb05_c1ab4ed7b64243caad5c8c3ebcd06a47~mv2.jpg,Dreamscapes Collection,,,25.0,,true,PERCENT,0.0,InStock,,,Size,DROP_DOWN,A4 (£25);A3 (£40),,,,,,,,,,,,,,,,,,,,,,,,,,,,,,,,,,
dreams-of-castlewellan-lake,Variant,,,,,,,,,true,,,InStock,,,,,A4 (£25),,,,,,,,,,,,,,,,,,,,,,,,,,,,,,,,,,
dreams-of-castlewellan-lake,Variant,,,,,,,,15.0,true,,,InStock,,,,,A3 (£40),,,,,,,,,,,,,,,,,,,,,,,,,,,,,,,,,,
the-watchful-dreamer,Product,The Watchful Dreamer,"The Watchful Dreamer is a beautiful piece of Clare Smith's collection, with available by email or at St George's Market. High-quality prints available in A4 and A3.",86cb05_e36e57a3726c45b6985b3b8237af0df1~mv2.jpg,Dreamscapes Collection,,,25.0,,true,PERCENT,0.0,InStock,,,Size,DROP_DOWN,A4 (£25);A3 (£40),,,,,,,,,,,,,,,,,,,,,,,,,,,,,,,,,,
the-watchful-dreamer,Variant,,,,,,,,15.0,true,,,InStock,,,,,A3 (£40),,,,,,,,,,,,,,,,,,,,,,,,,,,,,,,,,,
the-watchful-dreamer,Variant,,,,,,,,,true,,,InStock,,,,,A4 (£25),,,,,,,,,,,,,,,,,,,,,,,,,,,,,,,,,,
badger-of-co-down,Product,Badger of Co Down,"Badger of Co Down is a beautiful piece of Clare Smith's collection, with original artwork has been sold. High-quality prints available in A4 and A3.",86cb05_a5778e04d4994b3b90e7e86cc1e86fea~mv2.jpg,Fine Art Collection,,,25.0,,true,PERCENT,0.0,InStock,,,Size,DROP_DOWN,A4 (£25);A3 (£40),,,,,,,,,,,,,,,,,,,,,,,,,,,,,,,,,,
badger-of-co-down,Variant,,,,,,,,15.0,true,,,InStock,,,,,A3 (£40),,,,,,,,,,,,,,,,,,,,,,,,,,,,,,,,,,
badger-of-co-down,Variant,,,,,,,,,true,,,InStock,,,,,A4 (£25),,,,,,,,,,,,,,,,,,,,,,,,,,,,,,,,,,
falls-of-glenariff,Product,Falls of Glenariff,"Falls of Glenariff is a beautiful piece of Clare Smith's collection, with available by email or at St George's Market. High-quality prints available in A4 and A3.",86cb05_161d2c6e264f49d8888a090a8db98109~mv2.jpg,Fine Art Collection,,,25.0,,true,PERCENT,0.0,InStock,,,Size,DROP_DOWN,A4 (£25);A3 (£40),,,,,,,,,,,,,,,,,,,,,,,,,,,,,,,,,,
falls-of-glenariff,Variant,,,,,,,,,true,,,InStock,,,,,A4 (£25),,,,,,,,,,,,,,,,,,,,,,,,,,,,,,,,,,
falls-of-glenariff,Variant,,,,,,,,15.0,true,,,InStock,,,,,A3 (£40),,,,,,,,,,,,,,,,,,,,,,,,,,,,,,,,,,
the-dark-hedges,Product,The Dark Hedges,"The Dark Hedges is a beautiful piece of Clare Smith's collection, with original artwork has been sold. High-quality prints available in A4 and A3.",86cb05_3e314102b8244bbdb3fe3cd0d73d1c64~mv2.jpg,Fine Art Collection,,,25.0,,true,PERCENT,0.0,InStock,,,Size,DROP_DOWN,A4 (£25);A3 (£40),,,,,,,,,,,,,,,,,,,,,,,,,,,,,,,,,,
the-dark-hedges,Variant,,,,,,,,15.0,true,,,InStock,,,,,A3 (£40),,,,,,,,,,,,,,,,,,,,,,,,,,,,,,,,,,
the-dark-hedges,Variant,,,,,,,,,true,,,InStock,,,,,A4 (£25),,,,,,,,,,,,,,,,,,,,,,,,,,,,,,,,,,
botanic-in-bloom,Product,Botanic in Bloom,"Botanic in Bloom is a beautiful piece of Clare Smith's collection, with available by email or at St George's Market. High-quality prints available in A4 and A3.",86cb05_1715e540cc5b43789a89aeae4b006b6d~mv2.jpg,Fine Art Collection,,,25.0,,true,PERCENT,0.0,InStock,,,Size,DROP_DOWN,A4 (£25);A3 (£40),,,,,,,,,,,,,,,,,,,,,,,,,,,,,,,,,,
botanic-in-bloom,Variant,,,,,,,,15.0,true,,,InStock,,,,,A3 (£40),,,,,,,,,,,,,,,,,,,,,,,,,,,,,,,,,,
botanic-in-bloom,Variant,,,,,,,,,true,,,InStock,,,,,A4 (£25),,,,,,,,,,,,,,,,,,,,,,,,,,,,,,,,,,
the-mourne-mountains-from-silent-valley,Product,The Mourne Mountains from Silent Valley,"The Mourne Mountains from Silent Valley is a beautiful piece of Clare Smith's collection, with original artwork has been sold. High-quality prints available in A4 and A3.",86cb05_5e9e2362ee8e4746a893ff5dcc094f7f~mv2.jpg,Fine Art Collection,,,25.0,,true,PERCENT,0.0,InStock,,,Size,DROP_DOWN,A4 (£25);A3 (£40),,,,,,,,,,,,,,,,,,,,,,,,,,,,,,,,,,
the-mourne-mountains-from-silent-valley,Variant,,,,,,,,,true,,,InStock,,,,,A4 (£25),,,,,,,,,,,,,,,,,,,,,,,,,,,,,,,,,,
the-mourne-mountains-from-silent-valley,Variant,,,,,,,,15.0,true,,,InStock,,,,,A3 (£40),,,,,,,,,,,,,,,,,,,,,,,,,,,,,,,,,,
a-robin-s-bond,Product,A Robin's Bond,"A Robin's Bond is a beautiful piece of Clare Smith's collection, with available by email or at St George's Market. High-quality prints available in A4 and A3.",86cb05_7457fd10ef4646eda418256dadfba77a~mv2.jpg,Fine Art Collection,,,25.0,,true,PERCENT,0.0,InStock,,,Size,DROP_DOWN,A4 (£25);A3 (£40),,,,,,,,,,,,,,,,,,,,,,,,,,,,,,,,,,
a-robin-s-bond,Variant,,,,,,,,,true,,,InStock,,,,,A4 (£25),,,,,,,,,,,,,,,,,,,,,,,,,,,,,,,,,,
a-robin-s-bond,Variant,,,,,,,,15.0,true,,,InStock,,,,,A3 (£40),,,,,,,,,,,,,,,,,,,,,,,,,,,,,,,,,,
giants-causeway,Product,Giants Causeway,"Giants Causeway is a beautiful piece of Clare Smith's collection, with available by email or at St George's Market. High-quality prints available in A4 and A3.",86cb05_cf98d678a7db4727b04182024fda1035~mv2.jpg,Fine Art Collection,,,25.0,,true,PERCENT,0.0,InStock,,,Size,DROP_DOWN,A4 (£25);A3 (£40),,,,,,,,,,,,,,,,,,,,,,,,,,,,,,,,,,
giants-causeway,Variant,,,,,,,,,true,,,InStock,,,,,A4 (£25),,,,,,,,,,,,,,,,,,,,,,,,,,,,,,,,,,
giants-causeway,Variant,,,,,,,,15.0,true,,,InStock,,,,,A3 (£40),,,,,,,,,,,,,,,,,,,,,,,,,,,,,,,,,,
white-park-bay,Product,White Park Bay,"White Park Bay is a beautiful piece of Clare Smith's collection, with available by email or at St George's Market. High-quality prints available in A4 and A3.",86cb05_4611fff9b7b94962b23e15971e375d4c~mv2.jpg,Fine Art Collection,,,25.0,,true,PERCENT,0.0,InStock,,,Size,DROP_DOWN,A4 (£25);A3 (£40),,,,,,,,,,,,,,,,,,,,,,,,,,,,,,,,,,
white-park-bay,Variant,,,,,,,,15.0,true,,,InStock,,,,,A3 (£40),,,,,,,,,,,,,,,,,,,,,,,,,,,,,,,,,,
white-park-bay,Variant,,,,,,,,,true,,,InStock,,,,,A4 (£25),,,,,,,,,,,,,,,,,,,,,,,,,,,,,,,,,,
titanic,Product,Titanic,"Titanic is a beautiful piece of Clare Smith's collection, with original artwork has been sold. High-quality prints available in A4 and A3.",86cb05_55d99b89c15347eeacb37049d2196d80~mv2.png,Fine Art Collection,,,25.0,,true,PERCENT,0.0,InStock,,,Size,DROP_DOWN,A4 (£25);A3 (£40),,,,,,,,,,,,,,,,,,,,,,,,,,,,,,,,,,
titanic,Variant,,,,,,,,,true,,,InStock,,,,,A4 (£25),,,,,,,,,,,,,,,,,,,,,,,,,,,,,,,,,,
titanic,Variant,,,,,,,,15.0,true,,,InStock,,,,,A3 (£40),,,,,,,,,,,,,,,,,,,,,,,,,,,,,,,,,,
castlewellan-lake,Product,Castlewellan Lake,"Castlewellan Lake is a beautiful piece of Clare Smith's collection, with original artwork has been sold. High-quality prints available in A4 and A3.",86cb05_06cc7dcf87264b09b36a36f3502e9131~mv2.jpg,Fine Art Collection,,,25.0,,true,PERCENT,0.0,InStock,,,Size,DROP_DOWN,A4 (£25);A3 (£40),,,,,,,,,,,,,,,,,,,,,,,,,,,,,,,,,,
castlewellan-lake,Variant,,,,,,,,15.0,true,,,InStock,,,,,A3 (£40),,,,,,,,,,,,,,,,,,,,,,,,,,,,,,,,,,
castlewellan-lake,Variant,,,,,,,,,true,,,InStock,,,,,A4 (£25),,,,,,,,,,,,,,,,,,,,,,,,,,,,,,,,,,
city-hall,Product,City Hall,"City Hall is a beautiful piece of Clare Smith's collection, with original artwork has been sold. High-quality prints available in A4 and A3.",86cb05_22301bd536d449c9af921677c1a427bd~mv2.jpg,Fine Art Collection,,,25.0,,true,PERCENT,0.0,InStock,,,Size,DROP_DOWN,A4 (£25);A3 (£40),,,,,,,,,,,,,,,,,,,,,,,,,,,,,,,,,,
city-hall,Variant,,,,,,,,,true,,,InStock,,,,,A4 (£25),,,,,,,,,,,,,,,,,,,,,,,,,,,,,,,,,,
city-hall,Variant,,,,,,,,15.0,true,,,InStock,,,,,A3 (£40),,,,,,,,,,,,,,,,,,,,,,,,,,,,,,,,,,
ballintoy-blues,Product,Ballintoy Blues,"Ballintoy Blues is a beautiful piece of Clare Smith's collection, with available by email or at St George's Market. High-quality prints available in A4 and A3.",86cb05_f0630e081757491a81fc7b0c2a5cc48f~mv2.jpg,Fine Art Collection,,,25.0,,true,PERCENT,0.0,InStock,,,Size,DROP_DOWN,A4 (£25);A3 (£40),,,,,,,,,,,,,,,,,,,,,,,,,,,,,,,,,,
ballintoy-blues,Variant,,,,,,,,,true,,,InStock,,,,,A4 (£25),,,,,,,,,,,,,,,,,,,,,,,,,,,,,,,,,,
ballintoy-blues,Variant,,,,,,,,15.0,true,,,InStock,,,,,A3 (£40),,,,,,,,,,,,,,,,,,,,,,,,,,,,,,,,,,
sunset-bliss,Product,Sunset Bliss,"Sunset Bliss is a beautiful piece of Clare Smith's collection, with original artwork has been sold. High-quality prints available in A4 and A3.",86cb05_eb7eeacf106a4e888a8bf3394a573ffa~mv2.jpg,Fine Art Collection,,,25.0,,true,PERCENT,0.0,InStock,,,Size,DROP_DOWN,A4 (£25);A3 (£40),,,,,,,,,,,,,,,,,,,,,,,,,,,,,,,,,,
sunset-bliss,Variant,,,,,,,,,true,,,InStock,,,,,A4 (£25),,,,,,,,,,,,,,,,,,,,,,,,,,,,,,,,,,
sunset-bliss,Variant,,,,,,,,15.0,true,,,InStock,,,,,A3 (£40),,,,,,,,,,,,,,,,,,,,,,,,,,,,,,,,,,
blackhead-lighthouse,Product,Blackhead Lighthouse,"Blackhead Lighthouse is a beautiful piece of Clare Smith's collection, with original artwork has been sold. High-quality prints available in A4 and A3.",86cb05_f977f596b7f941808959dc14be90b081~mv2.jpg,Fine Art Collection,,,25.0,,true,PERCENT,0.0,InStock,,,Size,DROP_DOWN,A4 (£25);A3 (£40),,,,,,,,,,,,,,,,,,,,,,,,,,,,,,,,,,
blackhead-lighthouse,Variant,,,,,,,,,true,,,InStock,,,,,A4 (£25),,,,,,,,,,,,,,,,,,,,,,,,,,,,,,,,,,
blackhead-lighthouse,Variant,,,,,,,,15.0,true,,,InStock,,,,,A3 (£40),,,,,,,,,,,,,,,,,,,,,,,,,,,,,,,,,,
solitude,Product,Solitude,"Solitude is a beautiful piece of Clare Smith's collection, with original artwork has been sold. High-quality prints available in A4 and A3.",86cb05_9c823ba3a7b94127948325ebaf057515~mv2.jpg,Fine Art Collection,,,25.0,,true,PERCENT,0.0,InStock,,,Size,DROP_DOWN,A4 (£25);A3 (£40),,,,,,,,,,,,,,,,,,,,,,,,,,,,,,,,,,
solitude,Variant,,,,,,,,15.0,true,,,InStock,,,,,A3 (£40),,,,,,,,,,,,,,,,,,,,,,,,,,,,,,,,,,
solitude,Variant,,,,,,,,,true,,,InStock,,,,,A4 (£25),,,,,,,,,,,,,,,,,,,,,,,,,,,,,,,,,,
bright-eyes,Product,Bright Eyes,"Bright Eyes is a beautiful piece of Clare Smith's collection, with available by email or at St George's Market. High-quality prints available in A4 and A3.",86cb05_ee642f56a3bf4d29b604d1cf4c51378c~mv2.jpg,Fine Art Collection,,,25.0,,true,PERCENT,0.0,InStock,,,Size,DROP_DOWN,A4 (£25);A3 (£40),,,,,,,,,,,,,,,,,,,,,,,,,,,,,,,,,,
bright-eyes,Variant,,,,,,,,,true,,,InStock,,,,,A4 (£25),,,,,,,,,,,,,,,,,,,,,,,,,,,,,,,,,,
bright-eyes,Variant,,,,,,,,15.0,true,,,InStock,,,,,A3 (£40),,,,,,,,,,,,,,,,,,,,,,,,,,,,,,,,,,
a-robin-s-rest,Product,A Robin's Rest,"A Robin's Rest is a beautiful piece of Clare Smith's collection, with original artwork has been sold. High-quality prints available in A4 and A3.",86cb05_6c9083b2d70542e3b1b7d7c0205bd01d~mv2.jpg,Fine Art Collection,,,25.0,,true,PERCENT,0.0,InStock,,,Size,DROP_DOWN,A4 (£25);A3 (£40),,,,,,,,,,,,,,,,,,,,,,,,,,,,,,,,,,
a-robin-s-rest,Variant,,,,,,,,,true,,,InStock,,,,,A4 (£25),,,,,,,,,,,,,,,,,,,,,,,,,,,,,,,,,,
a-robin-s-rest,Variant,,,,,,,,15.0,true,,,InStock,,,,,A3 (£40),,,,,,,,,,,,,,,,,,,,,,,,,,,,,,,,,,
guinness,Product,Guinness,"Guinness is a beautiful piece of Clare Smith's collection, with original artwork has been sold. High-quality prints available in A4 and A3.",86cb05_49dda9cd9b0e40b487f741460ed9fee2~mv2.jpg,Fine Art Collection,,,25.0,,true,PERCENT,0.0,InStock,,,Size,DROP_DOWN,A4 (£25);A3 (£40),,,,,,,,,,,,,,,,,,,,,,,,,,,,,,,,,,
guinness,Variant,,,,,,,,15.0,true,,,InStock,,,,,A3 (£40),,,,,,,,,,,,,,,,,,,,,,,,,,,,,,,,,,
guinness,Variant,,,,,,,,,true,,,InStock,,,,,A4 (£25),,,,,,,,,,,,,,,,,,,,,,,,,,,,,,,,,,
together,Product,Together,"Together is a beautiful piece of Clare Smith's collection, with available by email or at St George's Market. High-quality prints available in A4 and A3.",86cb05_54261ffbb9224c82bdd7d8c50ebefed7~mv2.jpeg,Fine Art Collection,,,25.0,,true,PERCENT,0.0,InStock,,,Size,DROP_DOWN,A4 (£25);A3 (£40),,,,,,,,,,,,,,,,,,,,,,,,,,,,,,,,,,
together,Variant,,,,,,,,,true,,,InStock,,,,,A4 (£25),,,,,,,,,,,,,,,,,,,,,,,,,,,,,,,,,,
together,Variant,,,,,,,,15.0,true,,,InStock,,,,,A3 (£40),,,,,,,,,,,,,,,,,,,,,,,,,,,,,,,,,,
ballycastle,Product,Ballycastle,"Ballycastle is a beautiful piece of Clare Smith's collection, with original artwork has been sold. High-quality prints available in A4 and A3.",86cb05_a0e55f4f62d24852bcce881d3c66fb28~mv2.jpg,Fine Art Collection,,,25.0,,true,PERCENT,0.0,InStock,,,Size,DROP_DOWN,A4 (£25);A3 (£40),,,,,,,,,,,,,,,,,,,,,,,,,,,,,,,,,,
ballycastle,Variant,,,,,,,,15.0,true,,,InStock,,,,,A3 (£40),,,,,,,,,,,,,,,,,,,,,,,,,,,,,,,,,,
ballycastle,Variant,,,,,,,,,true,,,InStock,,,,,A4 (£25),,,,,,,,,,,,,,,,,,,,,,,,,,,,,,,,,,
something-is-coming,Product,Something is Coming,"Something is Coming is a beautiful piece of Clare Smith's collection, with original artwork has been sold. High-quality prints available in A4 and A3.",86cb05_9edd3958d217421a991dfa8cb9a9ffad~mv2.jpg,Fine Art Collection,,,25.0,,true,PERCENT,0.0,InStock,,,Size,DROP_DOWN,A4 (£25);A3 (£40),,,,,,,,,,,,,,,,,,,,,,,,,,,,,,,,,,
something-is-coming,Variant,,,,,,,,,true,,,InStock,,,,,A4 (£25),,,,,,,,,,,,,,,,,,,,,,,,,,,,,,,,,,
something-is-coming,Variant,,,,,,,,15.0,true,,,InStock,,,,,A3 (£40),,,,,,,,,,,,,,,,,,,,,,,,,,,,,,,,,,
kittake-bird,Product,North Coast Kittiwake,"Kittake Bird is a beautiful piece of Clare Smith's collection, with original artwork has been sold. High-quality prints available in A4 and A3.",86cb05_297a8e2857674ee7b8f6d63f90c96f6d~mv2.jpeg,Dreamscapes Collection;Fine Art Collection,,,25.0,,true,PERCENT,0.0,InStock,,,Size,DROP_DOWN,A4 (£25);A3 (£40),,,,,,,,,,,,,,,,,,,,,,,,,,,,,,,,,,
kittake-bird,Variant,,,,,,,,15.0,true,,,InStock,,,,,A3 (£40),,,,,,,,,,,,,,,,,,,,,,,,,,,,,,,,,,
kittake-bird,Variant,,,,,,,,,true,,,InStock,,,,,A4 (£25),,,,,,,,,,,,,,,,,,,,,,,,,,,,,,,,,,
deers-of-glenveagh,Product,Deers of Glenveagh,"Deers of Glenveagh is a beautiful piece of Clare Smith's collection, with original artwork has been sold. High-quality prints available in A4 and A3.",86cb05_0f6fcd3133f24e918e20cf90839fd5e8~mv2.jpeg,Dreamscapes Collection,,,25.0,,true,PERCENT,0.0,InStock,,,Size,DROP_DOWN,A4 (£25);A3 (£40),,,,,,,,,,,,,,,,,,,,,,,,,,,,,,,,,,
deers-of-glenveagh,Variant,,,,,,,,,true,,,InStock,,,,,A4 (£25),,,,,,,,,,,,,,,,,,,,,,,,,,,,,,,,,,
deers-of-glenveagh,Variant,,,,,,,,15.0,true,,,InStock,,,,,A3 (£40),,,,,,,,,,,,,,,,,,,,,,,,,,,,,,,,,,
foxes-at-glenariff,Product,Foxes at Glenariff,"Foxes at Glenariff is a beautiful piece of Clare Smith's collection, with original artwork has been sold. High-quality prints available in A4 and A3.",86cb05_1f4a207f57134902a173f61c6cd6283a~mv2.jpeg,Dreamscapes Collection,,,25.0,,true,PERCENT,0.0,InStock,,,Size,DROP_DOWN,A4 (£25);A3 (£40),,,,,,,,,,,,,,,,,,,,,,,,,,,,,,,,,,
foxes-at-glenariff,Variant,,,,,,,,,true,,,InStock,,,,,A4 (£25),,,,,,,,,,,,,,,,,,,,,,,,,,,,,,,,,,
foxes-at-glenariff,Variant,,,,,,,,15.0,true,,,InStock,,,,,A3 (£40),,,,,,,,,,,,,,,,,,,,,,,,,,,,,,,,,,
blossom-squirrel,Product,Blossom,"Blossom (Squirrel) is a beautiful piece of Clare Smith's collection, with original artwork has been sold. High-quality prints available in A4 and A3.",86cb05_0ad2ee84dd67421ea8a74ae3ac20e9e5~mv2.jpg,Dreamscapes Collection,,,25.0,,true,PERCENT,0.0,InStock,,,Size,DROP_DOWN,A4 (£25);A3 (£40),,,,,,,,,,,,,,,,,,,,,,,,,,,,,,,,,,
blossom-squirrel,Variant,,,,,,,,15.0,true,,,InStock,,,,,A3 (£40),,,,,,,,,,,,,,,,,,,,,,,,,,,,,,,,,,
blossom-squirrel,Variant,,,,,,,,,true,,,InStock,,,,,A4 (£25),,,,,,,,,,,,,,,,,,,,,,,,,,,,,,,,,,
full-moon-wolf,Product,Full Moon,"Full Moon (Wolf) is a beautiful piece of Clare Smith's collection, with original artwork has been sold. High-quality prints available in A4 and A3.",86cb05_9bc95ceb49c2493d98713e2fff331dbc~mv2.jpg,Dreamscapes Collection,,,25.0,,true,PERCENT,0.0,InStock,,,Size,DROP_DOWN,A4 (£25);A3 (£40),,,,,,,,,,,,,,,,,,,,,,,,,,,,,,,,,,
full-moon-wolf,Variant,,,,,,,,15.0,true,,,InStock,,,,,A3 (£40),,,,,,,,,,,,,,,,,,,,,,,,,,,,,,,,,,
full-moon-wolf,Variant,,,,,,,,,true,,,InStock,,,,,A4 (£25),,,,,,,,,,,,,,,,,,,,,,,,,,,,,,,,,,
bunny,Product,Spring Sunrise,"Bunny is a beautiful piece of Clare Smith's collection, with original artwork has been sold. High-quality prints available in A4 and A3.",86cb05_4e360ffccb604f848b2c00c2c58ddc6f~mv2.jpg,Dreamscapes Collection,,,25.0,,true,PERCENT,0.0,InStock,,,Size,DROP_DOWN,A4 (£25);A3 (£40),,,,,,,,,,,,,,,,,,,,,,,,,,,,,,,,,,
bunny,Variant,,,,,,,,,true,,,InStock,,,,,A4 (£25),,,,,,,,,,,,,,,,,,,,,,,,,,,,,,,,,,
bunny,Variant,,,,,,,,15.0,true,,,InStock,,,,,A3 (£40),,,,,,,,,,,,,,,,,,,,,,,,,,,,,,,,,,
